{"stats":{"minecraft:dropped":{"minecraft:wooden_axe":2,"minecraft:light_gray_wool":1,"minecraft:wooden_pickaxe":1},"minecraft:custom":{"minecraft:time_since_rest":17670,"minecraft:sprint_one_cm":48162,"minecraft:damage_taken":20,"minecraft:walk_one_cm":17081,"minecraft:mob_kills":5,"minecraft:drop":4,"minecraft:damage_dealt":420,"minecraft:swim_one_cm":2869,"minecraft:interact_with_crafting_table":4,"minecraft:fly_one_cm":16403,"minecraft:crouch_one_cm":3048,"minecraft:play_time":35153,"minecraft:sneak_time":785,"minecraft:walk_under_water_one_cm":1020,"minecraft:jump":118,"minecraft:time_since_death":35153,"minecraft:walk_on_water_one_cm":335,"minecraft:sleep_in_bed":1,"minecraft:total_world_time":35153,"minecraft:fall_one_cm":2402},"minecraft:picked_up":{"minecraft:wooden_axe":1,"minecraft:raw_iron":2,"minecraft:stick":5,"minecraft:crafting_table":3,"minecraft:porkchop":3,"minecraft:spruce_sapling":5,"minecraft:white_bed":1,"minecraft:spruce_log":38,"minecraft:light_gray_wool":1,"minecraft:mutton":8,"minecraft:coal":8,"minecraft:white_wool":3,"minecraft:cobblestone":20},"minecraft:killed":{"minecraft:sheep":4,"minecraft:pig":1},"minecraft:crafted":{"minecraft:crafting_table":1,"minecraft:spruce_planks":20,"minecraft:stick":4,"minecraft:wooden_pickaxe":1,"minecraft:stone_pickaxe":1,"minecraft:wooden_axe":1,"minecraft:white_bed":1,"minecraft:stone_axe":1},"minecraft:used":{"minecraft:wooden_axe":43,"minecraft:stone_pickaxe":11,"minecraft:wooden_pickaxe":19,"minecraft:stone_axe":1,"minecraft:crafting_table":3,"minecraft:white_bed":1,"minecraft:spruce_log":2},"minecraft:mined":{"minecraft:white_bed":1,"minecraft:iron_ore":2,"minecraft:spruce_log":38,"minecraft:crafting_table":3,"minecraft:coal_ore":8,"minecraft:spruce_leaves":5,"minecraft:stone":20}},"DataVersion":3465}