{"stats":{"minecraft:picked_up":{"minecraft:light_gray_wool":1,"minecraft:spruce_log":5,"minecraft:mutton":6,"minecraft:white_wool":2},"minecraft:custom":{"minecraft:time_since_rest":11153,"minecraft:play_time":11153,"minecraft:sprint_one_cm":1407,"minecraft:walk_one_cm":4074,"minecraft:mob_kills":3,"minecraft:jump":5,"minecraft:damage_dealt":240,"minecraft:time_since_death":11153,"minecraft:total_world_time":11153,"minecraft:interact_with_crafting_table":1,"minecraft:fall_one_cm":269,"minecraft:fly_one_cm":262},"minecraft:killed":{"minecraft:sheep":3},"minecraft:crafted":{"minecraft:crafting_table":1,"minecraft:spruce_planks":20,"minecraft:stick":4,"minecraft:wooden_axe":1},"minecraft:used":{"minecraft:wooden_axe":3,"minecraft:crafting_table":1},"minecraft:mined":{"minecraft:spruce_leaves":1,"minecraft:spruce_log":5}},"DataVersion":3465}