{"stats":{"minecraft:dropped":{"minecraft:wooden_axe":1},"minecraft:custom":{"minecraft:time_since_rest":5670,"minecraft:play_time":23153,"minecraft:sprint_one_cm":24793,"minecraft:walk_one_cm":10269,"minecraft:sneak_time":15,"minecraft:mob_kills":5,"minecraft:drop":1,"minecraft:jump":63,"minecraft:damage_dealt":420,"minecraft:time_since_death":23153,"minecraft:sleep_in_bed":1,"minecraft:total_world_time":23153,"minecraft:interact_with_crafting_table":2,"minecraft:fall_one_cm":687,"minecraft:fly_one_cm":5592},"minecraft:picked_up":{"minecraft:wooden_axe":1,"minecraft:stick":5,"minecraft:crafting_table":2,"minecraft:porkchop":3,"minecraft:spruce_sapling":3,"minecraft:white_bed":1,"minecraft:light_gray_wool":1,"minecraft:spruce_log":32,"minecraft:mutton":8,"minecraft:white_wool":3},"minecraft:killed":{"minecraft:sheep":4,"minecraft:pig":1},"minecraft:crafted":{"minecraft:white_bed":1,"minecraft:crafting_table":1,"minecraft:spruce_planks":20,"minecraft:stick":4,"minecraft:wooden_axe":1},"minecraft:used":{"minecraft:wooden_axe":36,"minecraft:crafting_table":2,"minecraft:white_bed":1,"minecraft:spruce_log":2},"minecraft:mined":{"minecraft:white_bed":1,"minecraft:spruce_leaves":4,"minecraft:spruce_log":32,"minecraft:crafting_table":2}},"DataVersion":3465}