{"stats":{"minecraft:dropped":{"minecraft:wooden_axe":2,"minecraft:light_gray_wool":1,"minecraft:wooden_pickaxe":1},"minecraft:custom":{"minecraft:time_since_rest":4191,"minecraft:interact_with_furnace":3,"minecraft:sprint_one_cm":98730,"minecraft:damage_taken":390,"minecraft:walk_one_cm":47207,"minecraft:damage_blocked_by_shield":2880,"minecraft:mob_kills":21,"minecraft:drop":4,"minecraft:damage_dealt":2857,"minecraft:swim_one_cm":5393,"minecraft:interact_with_crafting_table":6,"minecraft:fly_one_cm":108201,"minecraft:crouch_one_cm":4245,"minecraft:play_time":59153,"minecraft:sneak_time":1740,"minecraft:walk_under_water_one_cm":2811,"minecraft:jump":572,"minecraft:time_since_death":59153,"minecraft:walk_on_water_one_cm":4392,"minecraft:sleep_in_bed":3,"minecraft:total_world_time":59153,"minecraft:fall_one_cm":15596},"minecraft:picked_up":{"minecraft:wooden_axe":1,"minecraft:raw_iron":4,"minecraft:stick":5,"minecraft:crafting_table":5,"minecraft:leather":7,"minecraft:porkchop":7,"minecraft:spruce_sapling":5,"minecraft:gunpowder":1,"minecraft:white_bed":3,"minecraft:spruce_log":38,"minecraft:dirt":1,"minecraft:bone":3,"minecraft:arrow":3,"minecraft:rotten_flesh":6,"minecraft:beef":10,"minecraft:light_gray_wool":1,"minecraft:mutton":8,"minecraft:coal":56,"minecraft:egg":4,"minecraft:white_wool":3,"minecraft:cobblestone":41,"minecraft:furnace":1},"minecraft:killed":{"minecraft:skeleton":2,"minecraft:sheep":4,"minecraft:zombie":6,"minecraft:pig":3,"minecraft:cow":6},"minecraft:crafted":{"minecraft:cooked_porkchop":3,"minecraft:shield":1,"minecraft:crafting_table":1,"minecraft:spruce_planks":24,"minecraft:stick":4,"minecraft:iron_ingot":3,"minecraft:wooden_pickaxe":1,"minecraft:stone_pickaxe":1,"minecraft:wooden_axe":1,"minecraft:furnace":1,"minecraft:white_bed":1,"minecraft:torch":4,"minecraft:stone_axe":1,"minecraft:air":0,"minecraft:cooked_mutton":8},"minecraft:broken":{"minecraft:shield":1},"minecraft:used":{"minecraft:cooked_mutton":3,"minecraft:wooden_axe":43,"minecraft:stone_pickaxe":68,"minecraft:shield":37,"minecraft:wooden_pickaxe":19,"minecraft:stone_axe":35,"minecraft:dirt":1,"minecraft:cobblestone":4,"minecraft:crafting_table":5,"minecraft:furnace":1,"minecraft:cooked_porkchop":3,"minecraft:white_bed":3,"minecraft:egg":4,"minecraft:spruce_log":2},"minecraft:mined":{"minecraft:white_bed":3,"minecraft:furnace":1,"minecraft:iron_ore":4,"minecraft:spruce_log":38,"minecraft:crafting_table":5,"minecraft:grass_block":1,"minecraft:coal_ore":49,"minecraft:cobblestone":3,"minecraft:spruce_leaves":5,"minecraft:stone":30}},"DataVersion":3465}