{"stats":{"minecraft:dropped":{"minecraft:wooden_axe":2,"minecraft:light_gray_wool":1,"minecraft:wooden_pickaxe":1},"minecraft:custom":{"minecraft:time_since_rest":10349,"minecraft:interact_with_furnace":3,"minecraft:sprint_one_cm":60586,"minecraft:damage_taken":95,"minecraft:walk_one_cm":26741,"minecraft:mob_kills":6,"minecraft:drop":4,"minecraft:damage_dealt":520,"minecraft:swim_one_cm":4140,"minecraft:interact_with_crafting_table":5,"minecraft:fly_one_cm":37733,"minecraft:crouch_one_cm":3778,"minecraft:play_time":47153,"minecraft:sneak_time":1137,"minecraft:walk_under_water_one_cm":1108,"minecraft:jump":225,"minecraft:time_since_death":47153,"minecraft:walk_on_water_one_cm":509,"minecraft:sleep_in_bed":2,"minecraft:total_world_time":47153,"minecraft:fall_one_cm":5088},"minecraft:picked_up":{"minecraft:wooden_axe":1,"minecraft:raw_iron":3,"minecraft:stick":5,"minecraft:crafting_table":4,"minecraft:leather":1,"minecraft:porkchop":3,"minecraft:spruce_sapling":5,"minecraft:white_bed":2,"minecraft:spruce_log":38,"minecraft:dirt":1,"minecraft:beef":1,"minecraft:light_gray_wool":1,"minecraft:mutton":8,"minecraft:coal":49,"minecraft:white_wool":3,"minecraft:cobblestone":33,"minecraft:furnace":1},"minecraft:killed":{"minecraft:sheep":4,"minecraft:pig":1,"minecraft:cow":1},"minecraft:crafted":{"minecraft:cooked_porkchop":3,"minecraft:crafting_table":1,"minecraft:spruce_planks":20,"minecraft:stick":4,"minecraft:iron_ingot":3,"minecraft:wooden_pickaxe":1,"minecraft:stone_pickaxe":1,"minecraft:wooden_axe":1,"minecraft:furnace":1,"minecraft:white_bed":1,"minecraft:torch":4,"minecraft:stone_axe":1,"minecraft:air":0,"minecraft:cooked_mutton":8},"minecraft:used":{"minecraft:cooked_mutton":2,"minecraft:wooden_axe":43,"minecraft:stone_pickaxe":56,"minecraft:wooden_pickaxe":19,"minecraft:stone_axe":3,"minecraft:dirt":1,"minecraft:crafting_table":5,"minecraft:furnace":1,"minecraft:white_bed":2,"minecraft:spruce_log":2},"minecraft:mined":{"minecraft:white_bed":2,"minecraft:furnace":1,"minecraft:iron_ore":3,"minecraft:spruce_log":38,"minecraft:crafting_table":4,"minecraft:grass_block":1,"minecraft:coal_ore":43,"minecraft:spruce_leaves":5,"minecraft:stone":28}},"DataVersion":3465}