{"stats":{"minecraft:dropped":{"minecraft:wheat_seeds":1,"minecraft:light_gray_wool":1,"minecraft:wooden_axe":2,"minecraft:wooden_pickaxe":1},"minecraft:custom":{"minecraft:interact_with_furnace":3,"minecraft:mob_kills":39,"minecraft:interact_with_crafting_table":6,"minecraft:time_since_death":71153,"minecraft:sleep_in_bed":4,"minecraft:time_since_rest":2781,"minecraft:sprint_one_cm":147678,"minecraft:damage_taken":510,"minecraft:walk_one_cm":60183,"minecraft:damage_blocked_by_shield":2880,"minecraft:drop":5,"minecraft:damage_dealt":4547,"minecraft:swim_one_cm":13247,"minecraft:fly_one_cm":215445,"minecraft:crouch_one_cm":4245,"minecraft:play_time":71153,"minecraft:sneak_time":1740,"minecraft:walk_under_water_one_cm":3421,"minecraft:jump":996,"minecraft:walk_on_water_one_cm":4460,"minecraft:total_world_time":71153,"minecraft:fall_one_cm":33583},"minecraft:picked_up":{"minecraft:wooden_axe":1,"minecraft:crafting_table":5,"minecraft:salmon":1,"minecraft:leather":17,"minecraft:gunpowder":2,"minecraft:dirt":3,"minecraft:bone":3,"minecraft:wheat_seeds":1,"minecraft:beef":23,"minecraft:light_gray_wool":1,"minecraft:furnace":1,"minecraft:egg":5,"minecraft:stick":5,"minecraft:raw_iron":4,"minecraft:torch":1,"minecraft:porkchop":10,"minecraft:spruce_sapling":5,"minecraft:white_bed":5,"minecraft:spruce_log":38,"minecraft:arrow":3,"minecraft:rotten_flesh":8,"minecraft:mutton":19,"minecraft:coal":58,"minecraft:white_wool":10,"minecraft:cobblestone":44},"minecraft:killed":{"minecraft:pig":6,"minecraft:salmon":1,"minecraft:creeper":1,"minecraft:sheep":11,"minecraft:skeleton":2,"minecraft:zombie":6,"minecraft:cow":12},"minecraft:crafted":{"minecraft:cooked_porkchop":3,"minecraft:crafting_table":1,"minecraft:spruce_planks":24,"minecraft:wooden_pickaxe":1,"minecraft:furnace":1,"minecraft:stone_axe":1,"minecraft:cooked_mutton":8,"minecraft:air":0,"minecraft:shield":1,"minecraft:stick":4,"minecraft:iron_ingot":3,"minecraft:stone_pickaxe":1,"minecraft:wooden_axe":1,"minecraft:white_bed":1,"minecraft:torch":4},"minecraft:broken":{"minecraft:shield":1},"minecraft:used":{"minecraft:cooked_mutton":6,"minecraft:stone_pickaxe":73,"minecraft:wooden_pickaxe":19,"minecraft:shield":37,"minecraft:torch":1,"minecraft:dirt":3,"minecraft:crafting_table":5,"minecraft:white_bed":5,"minecraft:spruce_log":2,"minecraft:wooden_axe":43,"minecraft:stone_axe":59,"minecraft:cobblestone":4,"minecraft:furnace":1,"minecraft:cooked_porkchop":3,"minecraft:egg":5},"minecraft:mined":{"minecraft:white_bed":5,"minecraft:crafting_table":5,"minecraft:torch":1,"minecraft:grass_block":2,"minecraft:tall_grass":1,"minecraft:cobblestone":4,"minecraft:spruce_leaves":5,"minecraft:furnace":1,"minecraft:iron_ore":4,"minecraft:spruce_log":38,"minecraft:grass":3,"minecraft:coal_ore":51,"minecraft:dirt":1,"minecraft:stone":32}},"DataVersion":3465}